-- phpMyAdmin SQL Dump
-- version 3.3.9
-- http://www.phpmyadmin.net
--
-- Host: localhost
-- Generation Time: Apr 19, 2013 at 02:18 PM
-- Server version: 5.5.8
-- PHP Version: 5.3.5

SET SQL_MODE="NO_AUTO_VALUE_ON_ZERO";


/*!40101 SET @OLD_CHARACTER_SET_CLIENT=@@CHARACTER_SET_CLIENT */;
/*!40101 SET @OLD_CHARACTER_SET_RESULTS=@@CHARACTER_SET_RESULTS */;
/*!40101 SET @OLD_COLLATION_CONNECTION=@@COLLATION_CONNECTION */;
/*!40101 SET NAMES utf8 */;

--
-- Database: `election`
--

-- --------------------------------------------------------

--
-- Table structure for table `nominees`
--

CREATE TABLE IF NOT EXISTS `nominees` (
  `rollnumber` varchar(9) NOT NULL,
  `fullname` varchar(50) NOT NULL,
  `post` varchar(50) NOT NULL,
  `gender` varchar(1) NOT NULL,
  `grp_cons` int(11) NOT NULL DEFAULT '0',
  `g_cons` int(11) NOT NULL DEFAULT '0',
  `y_cons` int(10) NOT NULL DEFAULT '0',
  `counter` int(11) NOT NULL DEFAULT '0',
  `activate` int(11) NOT NULL DEFAULT '0'
) ENGINE=MyISAM DEFAULT CHARSET=latin1 COMMENT='this table contains nominees and their details';

--
-- Dumping data for table `nominees`
--

INSERT INTO `nominees` (`rollnumber`, `fullname`, `post`, `gender`, `grp_cons`, `g_cons`, `y_cons`, `counter`, `activate`) VALUES
('mdm10b012', 'N.Sathyanarayanan', 'Academic Affairs Secretary', 'm', 3, 0, 0, 203, 1),
('edm10b007', 'J.Keerthi Vignesh Kumar', 'Academic Affairs Secretary', 'm', 3, 0, 0, 104, 1),
('mdm10b015', 'Utkarsh Sharma', 'Boys Hostel Mess Secretary', 'm', 0, 1, 0, 149, 1),
('coe10b011', 'V.Pavan Kumar', 'Boys Hostel Mess Secretary', 'm', 0, 1, 0, 112, 1),
('eds12m012', 'V.Rakesh', 'Cultural Affairs Secretary', 'm', 0, 0, 0, 165, 1),
('mdm10b019', 'B.Vineela devi', 'Cultural Affairs Secretary', 'f', 0, 0, 0, 154, 1),
('edm10b013', 'Vemuri Saibaba', 'Institute Sports Secretary', 'm', 0, 0, 0, 168, 1),
('mds12m001', 'Amit Kumar Bedka', 'Institute Sports Secretary', 'm', 0, 0, 0, 152, 1),
('edm10b015', 'Sree Chandra Teja Inturi', 'Student General Secretary', 'm', 0, 0, 0, 122, 1),
('mdm10b014', 'Siddharth M', 'Student General Secretary', 'm', 0, 0, 0, 198, 1);

-- --------------------------------------------------------

--
-- Table structure for table `posts`
--

CREATE TABLE IF NOT EXISTS `posts` (
  `post` varchar(50) NOT NULL DEFAULT '0',
  `nominees` int(5) NOT NULL DEFAULT '0'
) ENGINE=MyISAM DEFAULT CHARSET=latin1;

--
-- Dumping data for table `posts`
--

INSERT INTO `posts` (`post`, `nominees`) VALUES
('Academic Affairs Secretary', 2),
('Boys Hostel Mess Secretary', 2),
('Cultural Affairs Secretary', 2),
('Institute Sports Secretary', 2),
('Student General Secretary', 2);

-- --------------------------------------------------------

--
-- Table structure for table `students`
--

CREATE TABLE IF NOT EXISTS `students` (
  `rollnumber` varchar(9) NOT NULL,
  `fullname` varchar(100) NOT NULL,
  `gender` varchar(1) NOT NULL,
  `password` varchar(100) NOT NULL,
  `counter` int(11) NOT NULL DEFAULT '0',
  `datevoted` varchar(100) NOT NULL,
  `date_created` varchar(30) NOT NULL
) ENGINE=MyISAM DEFAULT CHARSET=latin1;

--
-- Dumping data for table `students`
--

INSERT INTO `students` (`rollnumber`, `fullname`, `gender`, `password`, `counter`, `datevoted`, `date_created`) VALUES
('cds12m001', 'HARSHIT SRIVASTAVA', 'm', 'b183fa417b0f887edb696337b4230556', 1, '19,April,2013, 11:49:33', '2013-15-18 17:15:36'),
('cds12m002', 'KANNIYAPPAN. C', 'm', '048ed113d4636cb69b9cc4410e19381a', 1, '19,April,2013, 13:17:24', '2013-15-18 17:15:36'),
('cds12m004', 'NALLAPANENI NAGA RAJU', 'm', '6e756816ee855edb4226135c99338a63', 1, '19,April,2013, 11:53:17', '2013-15-18 17:15:36'),
('cds12m005', 'PRABHU. T', 'm', 'f989368d2bc5e24b53caaa0cb470192c', 1, '19,April,2013, 12:44:28', '2013-15-18 17:15:36'),
('cds12m006', 'RAHUL SINHA', 'm', '08237af405ece47ed9e8663113003d9b', 1, '19,April,2013, 13:04:44', '2013-15-18 17:15:36'),
('cds12m007', 'SAGARIKAMOHANTY', 'f', '334a0d05c056a20c0d2a66bbcb24bd5c', 1, '19,April,2013, 12:31:01', '2013-15-18 17:15:36'),
('coe09b001', 'ABHAY KUMAR', 'm', 'd64e8d1770ed04fe7e96da5a75bd85ec', 0, '', '2013-15-18 17:15:36'),
('coe09b002', 'ANAS FARUQUI', 'm', '1d35e85f526365860cc2544b66896a38', 1, '19,April,2013, 13:50:22', '2013-15-18 17:15:36'),
('coe09b003', 'BARUN KUMAR MEHER', 'm', '4d584d6342cd17ac521d0df2c39357bc', 1, '19,April,2013, 13:29:01', '2013-15-18 17:15:36'),
('coe09b005', 'DASARI SRIDHAR REDDY', 'm', 'dcca8a80476609a4dbb377789657377b', 1, '19,April,2013, 12:27:32', '2013-15-18 17:15:36'),
('coe09b007', 'GODE S N V VENKATA MANIK', 'm', '87c666a924612644232a4600156dc21d', 1, '19,April,2013, 12:44:28', '2013-15-18 17:15:36'),
('coe09b008', 'ILAMBHARATHI K', 'm', '54c17f9f827a5ef1c7734f228eb7e332', 1, '19,April,2013, 12:55:29', '2013-15-18 17:15:36'),
('coe09b009', 'MANEKURTHI ANIL KUMAR', 'm', '65fa67c493d50575ea06f77cb5666818', 0, '', '2013-15-18 17:15:36'),
('coe09b010', 'SHUBHAM VERMA', 'm', '26b92a66f86710b49ed91d60a8fad0f6', 1, '19,April,2013, 13:22:36', '2013-15-18 17:15:36'),
('coe09b011', 'SIDDHARTH DARBHA', 'm', 'bddd4f04e034fbe619754423f961f899', 0, '', '2013-15-18 17:15:36'),
('coe09b012', 'SURABHI JAIN', 'f', 'b955fdce3d32f7cb5c5cf6a18ea5e138', 1, '19,April,2013, 11:51:07', '2013-15-18 17:15:36'),
('coe09b013', 'VIJAY YADAV', 'm', '21468eca7fcdd30cd1d6e4bcbc42e1f6', 1, '19,April,2013, 12:14:57', '2013-15-18 17:15:36'),
('coe09b014', 'AMALA THAMPI', 'f', '33ec93cd13729c14c085ca707394e38c', 1, '19,April,2013, 12:35:57', '2013-15-18 17:15:36'),
('coe09b015', 'NIVEDITHA R', 'f', '9f130065720df6825f2f6f39ca08c882', 1, '19,April,2013, 11:44:36', '2013-15-18 17:15:36'),
('coe09b016', 'SANJEEV KUMAR', 'm', '3447fe436bcfb88e774856087156a084', 1, '19,April,2013, 13:31:51', '2013-15-18 17:15:36'),
('coe09b017', 'S SUGANTH KRISHNA', 'm', '27af6ad644065f6c4d62c55014d9d603', 1, '19,April,2013, 12:31:14', '2013-15-18 17:15:36'),
('coe09b018', 'SATHISH G P', 'm', 'c11bbd3388f08682fdec12aa93685ea9', 1, '19,April,2013, 12:30:25', '2013-15-18 17:15:36'),
('coe09b019', 'MARNI UMA MAHESH', 'm', '2261aa1789e7a2e59ec8f3691c01ef54', 1, '19,April,2013, 12:28:35', '2013-15-18 17:15:36'),
('coe10b001', 'V ANAND ', 'm', '7226e4490087d408c76f3a8ccd06497e', 1, '19,April,2013, 11:49:14', '2013-15-18 17:15:36'),
('coe10b002', 'MEDA ANIL KUMAR ', 'm', '65ca78525b7aaac2d449d475ab0f7ee1', 1, '19,April,2013, 13:57:16', '2013-15-18 17:15:36'),
('coe10b003', 'BODAPATI  SHALINI SALOMI ', 'f', '3556a426bc0e4ae579770683fbb3a60c', 1, '19,April,2013, 12:43:47', '2013-15-18 17:15:36'),
('coe10b004', 'CHARUGULLA RANJITH KUMAR ', 'm', '4556f2974e51a6c96b78e8bc746fb676', 1, '19,April,2013, 13:17:22', '2013-15-18 17:15:36'),
('coe10b005', 'GANGASANI SHRAVYA ', 'f', 'cbf14e15b968f8e132cc7fe1f35138fd', 1, '19,April,2013, 12:43:54', '2013-15-18 17:15:36'),
('coe10b006', 'KONDA VENKATA  SAI GIRISH ', 'm', 'd29391fe00403a506c3c4e75d6c5ad44', 1, '19,April,2013, 11:53:21', '2013-15-18 17:15:36'),
('coe10b007', 'MANAPATY LOKESWARA YADAV ', 'm', '0029e10e928ba2f45ee34fcfa110e27b', 1, '19,April,2013, 11:56:49', '2013-15-18 17:15:36'),
('coe10b008', 'MALE DEEPTHI', 'f', '75fc174cc2277d5da3858cfa924b482c', 1, '19,April,2013, 13:11:45', '2013-15-18 17:15:36'),
('coe10b009', 'CHERUPALLY NAVEEN ', 'm', 'fc6201a1284e855da6b41e590f71582e', 1, '19,April,2013, 11:54:28', '2013-15-18 17:15:36'),
('coe10b010', 'NOONE SOWMYA ', 'f', '426db9ba17b9ef2d3671eaad1d7449a2', 1, '19,April,2013, 11:56:37', '2013-15-18 17:15:36'),
('coe10b011', 'V PAVAN KUMAR ', 'm', '64dd744303d144642e5e844b92d3d8d2', 1, '19,April,2013, 11:56:34', '2013-15-18 17:15:36'),
('coe10b012', 'PRIYANKA BHANDARE ', 'f', 'eedcc2a03db1374cd1ae5acdf78043fc', 1, '19,April,2013, 12:24:45', '2013-15-18 17:15:36'),
('coe10b013', 'RAMESH KRISHNAN P S ', 'm', 'ab9cf6d31db76afba8c2eab72ad69154', 1, '19,April,2013, 11:52:52', '2013-15-18 17:15:36'),
('coe10b014', 'K SHAILAJA ', 'f', '010f291c7b015fa330776ec847da6fc6', 1, '19,April,2013, 11:55:40', '2013-15-18 17:15:36'),
('coe10b015', 'SOWMYA JAIN ', 'f', '154bc6c1d703facea2708f421bafb51f', 1, '19,April,2013, 11:51:43', '2013-15-18 17:15:36'),
('coe10b016', 'MANNAVA  SPANDAN ', 'm', 'fc0e759741758d6cc2a52fe3c978492f', 1, '19,April,2013, 12:01:07', '2013-15-18 17:15:36'),
('coe10b017', 'JATAVATH  SURESH NAIK ', 'm', '13e129a36c8d72ce4c5e58e989df45bb', 1, '19,April,2013, 11:53:22', '2013-15-18 17:15:36'),
('coe10b018', 'TRIPURANENI RAGHAVENDRA ', 'm', 'e91291f17757d6e08e539f8e0da3c502', 1, '19,April,2013, 11:47:04', '2013-15-18 17:15:36'),
('coe10b019', 'JAMMULA VARUN CHANDRA ', 'm', 'b8ce56f9c0ac544b4eb23aa0dda43bea', 1, '19,April,2013, 12:02:10', '2013-15-18 17:15:36'),
('coe10b020', 'NIMMALA LEELA MANOJ', 'm', '9566714e3e9628827dcedddf8455761c', 1, '19,April,2013, 12:03:04', '2013-15-18 17:15:36'),
('coe11b001', 'ACHANTA MOUNIKA', 'f', '06f9d7bdb5076a567ce8bf90196aeefa', 1, '19,April,2013, 12:39:21', '2013-15-18 17:15:36'),
('coe11b002', 'ANTHONY VIJAY KUMAR MEKALA', 'm', '69151ccddf495ea2cd8d0284fc1bb619', 1, '19,April,2013, 12:24:04', '2013-15-18 17:15:36'),
('coe11b003', 'ASHISH', 'm', '9302a2c30fdcaa4e6015cfcef52b96f1', 1, '19,April,2013, 13:09:27', '2013-15-18 17:15:36'),
('coe11b004', 'AVULA SANDEEP', 'm', '94be8b6c23d692218b6a32e474445684', 1, '19,April,2013, 12:25:01', '2013-15-18 17:15:36'),
('coe11b005', 'BATTINOJU SAI KUMAR', 'm', 'bd7d06b2a2bb3bd0a1f46438c2af6709', 1, '19,April,2013, 14:00:33', '2013-15-18 17:15:36'),
('coe11b008', 'DASARI ROBERTKIRAN', 'm', '2afe991a0c89bad6f537a037d5ea526d', 1, '19,April,2013, 13:31:36', '2013-15-18 17:15:36'),
('coe11b009', 'DEETI SUNIL KUMAR', 'm', 'fb9374391393862859370033faec150f', 1, '19,April,2013, 12:21:50', '2013-15-18 17:15:36'),
('coe11b010', 'DEVIREDDY SUSHMA REDDY', 'f', '5add798c1ebd9ac2568af86d26f73373', 0, '', '2013-15-18 17:15:36'),
('coe11b011', 'GOLLA AJAYA TEJASWI', 'm', '76341762475260ce1c9cc63f10da2e0e', 1, '19,April,2013, 12:20:38', '2013-15-18 17:15:36'),
('coe11b012', 'ILLURI MADHULAHARI', 'f', '471c9b4e42b52193344165e04a8f3429', 1, '19,April,2013, 12:38:28', '2013-15-18 17:15:36'),
('coe11b013', 'KAMLESH CHOUDHARY', 'm', '329f2916d195d48d061c4715554e7320', 1, '19,April,2013, 13:05:56', '2013-15-18 17:15:36'),
('coe11b014', 'KATHA KRISHNA MOHAN REDDY', 'm', '9ff5cbdcdc991bf057757025a917220e', 1, '19,April,2013, 13:31:23', '2013-15-18 17:15:36'),
('coe11b015', 'KAVYA P', 'f', '9ab7cbea4d3ff959cb8af94ba916c275', 1, '19,April,2013, 13:05:25', '2013-15-18 17:15:36'),
('coe11b016', 'KRISHNA CHAURASIA', 'm', 'efdb0b5ffed1f7125940d0e4095fc987', 1, '19,April,2013, 12:21:32', '2013-15-18 17:15:36'),
('coe11b017', 'LAKAVATH RAM NAIK', 'm', '12bcf3ec4689ec8a68418148deac72ae', 1, '19,April,2013, 12:10:14', '2013-15-18 17:15:36'),
('coe11b018', 'M AZHAKU SAKTHI VEL', 'm', '4bc961773751cfc58a46b44a76a4b17e', 1, '19,April,2013, 12:24:32', '2013-15-18 17:15:36'),
('coe11b019', 'MOHIT SINGHANIYA', 'm', '42e351fdd1e033d794a37fa3c80b06a8', 1, '19,April,2013, 12:33:26', '2013-15-18 17:15:36'),
('coe11b020', 'PENDYALA SUDHEER BABU', 'm', 'e6123fc92e10568e3f3019721cfae997', 1, '19,April,2013, 12:40:58', '2013-15-18 17:15:36'),
('coe11b022', 'SHASHWAT SHIVAM', 'm', 'acf612a7ff24f0360cdd6ef26627f3fe', 1, '19,April,2013, 13:31:16', '2013-15-18 17:15:36'),
('coe11b023', 'SIDDHARTHA AGARWAL', 'm', '976472b18044609f5ff6feb7d71f6317', 1, '19,April,2013, 13:16:50', '2013-15-18 17:15:36'),
('coe11b024', 'SRI SAI KUMAR R', 'm', '67237a93c687d19f2f1584db09d49fe6', 1, '19,April,2013, 12:31:51', '2013-15-18 17:15:36'),
('coe11b025', 'SWARESH UTTAM SANKPAL', 'm', 'c5ba1519e1fe122fba05ea95de4ee55d', 1, '19,April,2013, 13:31:07', '2013-15-18 17:15:36'),
('coe11b026', 'TUMMALA NAGA KULADEEP', 'm', '7d65d37a20649d41895d6d70922727ab', 1, '19,April,2013, 13:39:42', '2013-15-18 17:15:36'),
('coe11b027', 'VENNAMANENI MANOGNA', 'f', '45e3da91fbfb53a2c3b5de30f50a2103', 1, '19,April,2013, 13:44:23', '2013-15-18 17:15:36'),
('coe12b001', 'ANITA SEERVI', 'f', '6582b0dc11862dbda24d88c39a0259a3', 1, '19,April,2013, 12:48:49', '2013-15-18 17:15:36'),
('coe12b002', 'BODDETI V J SOWJANYA', 'f', 'b96a6be28219bfd37ba832e32cb9daad', 1, '19,April,2013, 12:14:50', '2013-15-18 17:15:36'),
('coe12b004', 'DEEPANSHU GAUTAM', 'm', '7a24336ba1caa3f39b8a3c1a57454095', 1, '19,April,2013, 13:17:28', '2013-15-18 17:15:36'),
('coe12b005', 'GANTASALA SAI HEMANTH', 'm', '281958d33f5f4bdcad225b719b92b7ad', 1, '19,April,2013, 12:26:19', '2013-15-18 17:15:36'),
('coe12b006', 'GUDDETI VENKAT SHIVA', 'm', '249d9ef0c24d53b9a7bb297f72d56b67', 1, '19,April,2013, 13:00:10', '2013-15-18 17:15:36'),
('coe12b007', 'INIYAI T', 'f', '21a72ff913a4edc306128c67ece566dc', 1, '19,April,2013, 12:26:12', '2013-15-18 17:15:36'),
('coe12b008', 'JUNOOTHULA RASHMITHA REDDY', 'f', '304021e7e3c44127687408af3f665d77', 1, '19,April,2013, 12:05:03', '2013-15-18 17:15:36'),
('coe12b009', 'KADIMISETTY AVINASH', 'm', 'e31de010b79bb8fb86a900c10ead5d56', 1, '19,April,2013, 12:28:52', '2013-15-18 17:15:36'),
('coe12b010', 'KAPIL GUPTA', 'm', '3931c86006f3258dafaf17a2a28cabf4', 1, '19,April,2013, 13:05:27', '2013-15-18 17:15:36'),
('coe12b011', 'KOMARAGIRI GOWTHAMI', 'm', 'bc1f88fe0cfbf41d8a545bf785ea9d61', 1, '19,April,2013, 12:01:45', '2013-15-18 17:15:36'),
('coe12b012', 'KULDEEP GUNTA', 'm', 'f2cc3a2e4d1e43f90af57e17d7c1aff6', 1, '19,April,2013, 13:43:48', '2013-15-18 17:15:36'),
('coe12b013', 'MAJETY HARIKRISHNA', 'm', '69f2349c3c7fe28b49c6e0bd08652d66', 1, '19,April,2013, 11:50:03', '2013-15-18 17:15:36'),
('coe12b014', 'MEDHA VASISHTH', 'f', '94d5c3e08c1fe10f5c475e16726614bd', 1, '19,April,2013, 12:58:20', '2013-15-18 17:15:37'),
('coe12b015', 'NADA ABDUL MAJEED PULATH', 'm', 'df82f300b547b240636c64466b01e89d', 1, '19,April,2013, 12:59:41', '2013-15-18 17:15:37'),
('coe12b016', 'NAGALLA PRUTHVI', 'm', '2f7841809ca749efc6d1c46f20e84577', 1, '19,April,2013, 12:07:11', '2013-15-18 17:15:37'),
('coe12b017', 'NITHIN SHAMSUDHIN', 'm', 'b5405b3ec9c7fe465d99e79468990edc', 1, '19,April,2013, 11:50:53', '2013-15-18 17:15:37'),
('coe12b018', 'NITIN VIVEK BHARTI', 'm', '610da59adf76cca1e587c3c8bf58030a', 1, '19,April,2013, 13:15:22', '2013-15-18 17:15:37'),
('coe12b019', 'NOONE RAMYA', 'f', '6c8ff829bf1161164db8534085cb06b7', 1, '19,April,2013, 12:03:03', '2013-15-18 17:15:37'),
('coe12b020', 'OGURI SRI SIVA KRISHNA TEJA', 'm', 'b43baf85c59f624df4c0999c5fcdb0a8', 1, '19,April,2013, 13:04:36', '2013-15-18 17:15:37'),
('coe12b021', 'PIDUGU SAIKISHORE', 'm', '17670c472d20037705e2d7e083a18543', 1, '19,April,2013, 12:24:54', '2013-15-18 17:15:37'),
('coe12b022', 'PONNEKANTI PRANEETH', 'm', 'dceee27fe6fd9b7050e86817f13e74f4', 1, '19,April,2013, 13:30:04', '2013-15-18 17:15:37'),
('coe12b023', 'POTHULABOGUDA MADHURI', 'm', 'e884e0d0dbb6a500449e361674cb2791', 1, '19,April,2013, 11:59:22', '2013-15-18 17:15:37'),
('coe12b024', 'PRANJAL CHOUBEY', 'm', '60274f76ce78a7128d0ed571aa2ac48b', 1, '19,April,2013, 13:26:03', '2013-15-18 17:15:37'),
('coe12b025', 'ROOPESH REDDY K', 'm', '45c96fbb4baf0983cd52d58dd4a64ca9', 1, '19,April,2013, 13:08:20', '2013-15-18 17:15:37'),
('coe12b026', 'SAJJA BALASUBRAMANYAM', 'm', '88ae232a75abc0f1c1edecee8d24fc80', 1, '19,April,2013, 13:02:01', '2013-15-18 17:15:37'),
('coe12b027', 'SHUBHAMKUMAR SINGH', 'm', '390f7499c94393873bf9cba398e26158', 1, '19,April,2013, 13:03:30', '2013-15-18 17:15:37'),
('coe12b028', 'SIMMASETTY SOWMITH', 'm', '3fb02623e0b7a1dc55f54f5383dfdf71', 1, '19,April,2013, 12:58:07', '2013-15-18 17:15:37'),
('coe12b029', 'TOKALA AVINASHRAJ', 'm', '351005dfa4e2fe4d519152fb65984508', 1, '19,April,2013, 13:20:23', '2013-15-18 17:15:37'),
('coe12b030', 'VADYALA SAI PRAVEEN REDDY', 'm', 'c9643a0c0ee2a3d8f4f22a5d15cf17a9', 1, '19,April,2013, 12:05:29', '2013-15-18 17:15:37'),
('edm09b001', 'BAVINENI VINEELA', 'f', 'ea97e984454dc21d8c22a1e1ec2b09ab', 1, '19,April,2013, 11:44:38', '2013-15-18 17:15:37'),
('edm09b002', 'DEBAJIT SARDAR', 'm', '4131c6ce873edb4d909b72c134925195', 1, '19,April,2013, 13:48:38', '2013-15-18 17:15:37'),
('edm09b003', 'GHANSHYAM KUMAR', 'm', '4da9fc71236e3faa76e7f60fc0f2141f', 1, '19,April,2013, 12:54:34', '2013-15-18 17:15:37'),
('edm09b004', 'GILLALA SIRISH KUMAR YADAV', 'm', '8c67e947a3ed686f0e3b2e2b96f4a401', 0, '', '2013-15-18 17:15:37'),
('edm09b005', 'JAMPANA VASAVI KRISHNA', 'm', '838260c4e088e43cad3f9411e5b99440', 1, '19,April,2013, 13:07:33', '2013-15-18 17:15:37'),
('edm09b006', 'MAHENDRA SINGH', 'm', '1240e39be91a01ef04d3e9bec5535e4d', 1, '19,April,2013, 13:26:24', '2013-15-18 17:15:37'),
('edm09b007', 'MONISHA S', 'f', 'f50723ee9989de49d877ecf1be02548c', 0, '', '2013-15-18 17:15:37'),
('edm09b008', 'NITISH PRASANNA R', 'm', 'b1aac90f750bba6cdaacc4fd96f8ed69', 1, '19,April,2013, 13:13:43', '2013-15-18 17:15:37'),
('edm09b009', 'PAMIDIMUKKALA POOJITHA SUDHAKAR', 'f', '2dcc01829d6643119a9c72cf4e8e53e3', 1, '19,April,2013, 11:45:16', '2013-15-18 17:15:37'),
('edm09b010', 'PRAVEEN SAHU', 'm', 'b42a50862cfc978424e26c23a7e36b93', 1, '19,April,2013, 13:13:06', '2013-15-18 17:15:37'),
('edm09b011', 'RAMYA R', 'f', 'c1e24400bab347de3d312261afd9685f', 1, '19,April,2013, 11:47:05', '2013-15-18 17:15:37'),
('edm09b012', 'RENUKA BAI N', 'f', '82238696f037caced5d9b177f9acdf28', 1, '19,April,2013, 13:19:45', '2013-15-18 17:15:37'),
('edm09b013', 'SAKET SAURABH', 'm', 'f907ba5aeba6b8c2df204ec44d014f4c', 1, '19,April,2013, 13:23:13', '2013-15-18 17:15:37'),
('edm09b014', 'SAMPADA RAO ARUN KUMAR', 'm', 'fca7b1c7e0bca8f7b3dde056bc7a66f9', 1, '19,April,2013, 13:07:14', '2013-15-18 17:15:37'),
('edm09b015', 'SWATHI LAKSHMI A', 'f', 'a6501e00b422eecaf672319121f32fea', 1, '19,April,2013, 11:50:22', '2013-15-18 17:15:37'),
('edm09b016', 'THEJESWINI BATCHU', 'f', '398453faf220df0e40d95eb75fa33982', 1, '19,April,2013, 12:35:27', '2013-15-18 17:15:37'),
('edm09b017', 'TIMMARAJU SAI RAM SUDHEER', 'm', 'fc4a749078c81975876211d8ac26db91', 1, '19,April,2013, 12:26:16', '2013-15-18 17:15:37'),
('edm09b019', 'TADAR AMAR', 'm', 'fb6cd75253b498548cb991b7ea3acd94', 1, '19,April,2013, 13:19:49', '2013-15-18 17:15:37'),
('edm10b001', 'NANDIGAM  ANVITHA ', 'f', '5657ea9eb404454c78036a18de4b6d06', 1, '19,April,2013, 11:50:28', '2013-15-18 17:15:37'),
('edm10b002', 'AVINASH CHANDRA KAUSHIK ', 'm', 'b37bd2e59215f9585de74c10f8103101', 1, '19,April,2013, 13:35:22', '2013-15-18 17:15:37'),
('edm10b003', 'CHAGALAMARRI  HARI KRISHNA ', 'm', '5b758222654c86092724102a97f3ef9e', 1, '19,April,2013, 11:55:45', '2013-15-18 17:15:37'),
('edm10b004', 'A CHANDRA KANTH ', 'm', '341d216165bb1f7ea48b01dbfaedc395', 1, '19,April,2013, 11:49:44', '2013-15-18 17:15:37'),
('edm10b005', 'GANDAM KUMAR RASA ', 'm', '610560fd26be4314b892f4b640a19809', 1, '19,April,2013, 12:03:16', '2013-15-18 17:15:37'),
('edm10b006', 'KANNA VENKATESH ', 'm', '11ea70a9e2fd1657a3b67904470b56e0', 1, '19,April,2013, 11:53:10', '2013-15-18 17:15:37'),
('edm10b007', 'KEERTHI VIGNESH KUMAR  J ', 'm', '8424c0331861361267aec240717b33c0', 1, '19,April,2013, 12:00:07', '2013-15-18 17:15:37'),
('edm10b008', 'LAXMANRAMPRASADREDDY MALIKIREDDY ', 'm', '027e081ef1227fd51f3f408804414a32', 1, '19,April,2013, 12:07:14', '2013-15-18 17:15:37'),
('edm10b009', 'NANDITA BHASKHAR ', 'f', '7b05f59c372850a5dac9dba9ef4f87df', 1, '19,April,2013, 11:53:26', '2013-15-18 17:15:37'),
('edm10b010', 'BODLA PRANITHA ', 'f', 'ebdbc548f6db9533856ebe6a5d04ee74', 1, '19,April,2013, 12:00:20', '2013-15-18 17:15:37'),
('edm10b011', 'P RAJ KUMAR ', 'm', '07b3dea68127cfa5260cc1e82f253979', 1, '19,April,2013, 12:02:54', '2013-15-18 17:15:37'),
('edm10b012', 'JAKKULA RAVI TEJA ', 'm', '50665ec7e79f6c5cd7acb391aa748ac2', 1, '19,April,2013, 12:05:50', '2013-15-18 17:15:37'),
('edm10b013', 'SAIBABA VEMURI ', 'm', '0aeb3e639abb66997a8e200db0d08b8f', 1, '19,April,2013, 12:21:58', '2013-15-18 17:15:37'),
('edm10b014', 'J SANGEETHA ', 'f', '253da06bce97526cdf4d4deb59d203d6', 1, '19,April,2013, 11:50:48', '2013-15-18 17:15:37'),
('edm10b015', 'SREE CHANDRA TEJA INTURI ', 'm', '3ee3cbee5fcdc49ca2d465774b0465c8', 1, '19,April,2013, 12:04:37', '2013-15-18 17:15:37'),
('edm10b016', 'GANTA SRINIVASARAO ', 'm', 'fdfb41dd4b602f00babc689088fa2e06', 1, '19,April,2013, 11:57:27', '2013-15-18 17:15:37'),
('edm10b017', 'V G SAI PHANI RAJA SEKHAR ', 'm', 'a3e2f59d6b3e5bdaf5715363112e32ab', 1, '19,April,2013, 12:00:26', '2013-15-18 17:15:37'),
('edm10b018', 'SANGEWAR VINEET ', 'm', '61dd4a8ee179b1be403d08b6bd568152', 1, '19,April,2013, 11:48:17', '2013-15-18 17:15:37'),
('edm10b019', 'MACHERLA SPOORTHY ', 'f', '3b9d6a55d89ebcd684d164a6df7be7d2', 1, '19,April,2013, 12:03:16', '2013-15-18 17:15:37'),
('edm11b001', 'ADITYA NARAYANAN', 'm', '2b4aec90640a7377217edc02269fd955', 1, '19,April,2013, 12:21:28', '2013-15-18 17:15:37'),
('edm11b002', 'B ASHOK BABU', 'm', 'a6aa4f576ede722090f786f403a526b7', 1, '19,April,2013, 12:17:42', '2013-15-18 17:15:37'),
('edm11b003', 'BODDI REDDI SANJUSHA REDDY', 'f', 'e7811476db24608bd76f41b35b82ef4a', 1, '19,April,2013, 12:14:46', '2013-15-18 17:15:37'),
('edm11b004', 'CHUNDURI VENKATA DHEERAJ KUMAR', 'm', '36939abf96f5be646d9d3f1eb7ecc718', 0, '', '2013-15-18 17:15:37'),
('edm11b005', 'DAMMU SAICHARAN REDDY', 'm', 'aa1e10e0ddbc8294dbb603d68645a52c', 1, '19,April,2013, 12:09:16', '2013-15-18 17:15:37'),
('edm11b007', 'GUBBALA ANIL', 'm', '233984e60f0879e1288973680c4867e9', 1, '19,April,2013, 12:15:23', '2013-15-18 17:15:37'),
('edm11b008', 'JANASWAMY SRAVAN', 'm', 'aa630881d16e0917cea98d49e98cb488', 1, '19,April,2013, 12:07:43', '2013-15-18 17:15:37'),
('edm11b009', 'KATTUPALLI NAVYA', 'f', 'a2eab4994c4d31ff71ed9303fd621171', 1, '19,April,2013, 12:12:15', '2013-15-18 17:15:37'),
('edm11b010', 'KORLABANDI SISIRSIMHA', 'm', '5e9c2d20f895cafecfd2b46e50e09a96', 1, '19,April,2013, 12:12:08', '2013-15-18 17:15:37'),
('edm11b011', 'M ABHISHRAVAN', 'm', '610ac447791e5c7ba4c3a5cd7a640f8d', 1, '19,April,2013, 12:15:15', '2013-15-18 17:15:37'),
('edm11b012', 'M ASHWINI', 'f', 'c418f4ed730d0913909bbacc69c0e481', 1, '19,April,2013, 12:14:53', '2013-15-18 17:15:37'),
('edm11b013', 'MORA RAJ KUMAR', 'm', '074f93f809c33efa3dbc5a4ece1d3c3a', 1, '19,April,2013, 12:15:26', '2013-15-18 17:15:37'),
('edm11b014', 'NANDAMURI SOWMIKA', 'f', '1bf4fbe0ae374012a4d5075912afbd11', 1, '19,April,2013, 12:14:01', '2013-15-18 17:15:37'),
('edm11b015', 'NIKHIL SHARMA', 'm', 'bf1c871b4ecb51815c79280f96c5eeb7', 1, '19,April,2013, 12:19:56', '2013-15-18 17:15:37'),
('edm11b016', 'P L N THANOJ KUMAR', 'm', 'a93bd604e203ec080b32d061c2705824', 1, '19,April,2013, 12:07:37', '2013-15-18 17:15:37'),
('edm11b017', 'PAPANABOYINA SRIKANTH', 'm', '9566aa4b542074c60e68325198844d9c', 1, '19,April,2013, 12:13:16', '2013-15-18 17:15:38'),
('edm11b018', 'PARMAR DHRUV CHETAN', 'm', '355ab93aa6ff43f0744a19498b8cf6ac', 1, '19,April,2013, 12:15:48', '2013-15-18 17:15:38'),
('edm11b019', 'PUJARI KRISHNA SAGAR', 'm', '83836fdebeb2024ef1bc9d649ef88a67', 1, '19,April,2013, 12:34:27', '2013-15-18 17:15:38'),
('edm11b020', 'RATOD NAVEEN NAIK', 'm', '069b706925c39b71c1df77ec6b91ddcf', 1, '19,April,2013, 12:17:28', '2013-15-18 17:15:38'),
('edm11b021', 'S MAHESH VARMA', 'm', '86cf8ecbdada9bca32f48135837d906f', 1, '19,April,2013, 12:17:42', '2013-15-18 17:15:38'),
('edm11b022', 'SOMA LOKESH KUMAR NAGA MANIKANTA', 'm', 'cdc9f5c32ddc6aa6ad1b8a2c09e026f9', 1, '19,April,2013, 12:17:11', '2013-15-18 17:15:38'),
('edm11b023', 'SONTI AUROBINDO MALLESWAR', 'm', 'caced9f49c22a04e653a484e145aa062', 1, '19,April,2013, 12:10:37', '2013-15-18 17:15:38'),
('edm11b024', 'SORNAPUDI LAKSHMI NARESH', 'm', '3ad8970470d2d72a79728ae964dd97bc', 1, '19,April,2013, 12:08:37', '2013-15-18 17:15:38'),
('edm11b025', 'SWETHA M MANUR', 'f', '3fa3542e04f1d99559063bfc0342d032', 1, '19,April,2013, 12:13:14', '2013-15-18 17:15:38'),
('edm11b026', 'TUMMALA NIKHILA', 'f', 'eaa4d98762a5653dd4601c7ffc5c5c80', 1, '19,April,2013, 12:13:04', '2013-15-18 17:15:38'),
('edm11b027', 'UPPADA BALAKRISHNA', 'm', '9ea800ba5f44a78c59c3128fa23c82a4', 1, '19,April,2013, 12:26:32', '2013-15-18 17:15:38'),
('edm12b001', 'AAQUILA ARUL ARZELA', 'f', '9e6febc5e45b0dc7e52220e7754415cf', 1, '19,April,2013, 12:48:37', '2013-15-18 17:15:38'),
('edm12b002', 'AARTHI M SUNDARAM', 'f', '25f9e794323b453885f5181f1b624d0b', 1, '19,April,2013, 13:03:07', '2013-15-18 17:15:38'),
('edm12b003', 'ALLU ASHA KUMARI', 'f', 'c25e8cc0097cbb5e58de0c5672d6e9fc', 1, '19,April,2013, 12:46:53', '2013-15-18 17:15:38'),
('edm12b004', 'AMBATI PRAVALLIKA', 'f', '1521aab05da2adf15c9e61a1a4f2f3ee', 1, '19,April,2013, 12:01:28', '2013-15-18 17:15:38'),
('edm12b005', 'ANKITH V', 'm', 'aa87ad724f2f0161cac6fd15afbf010f', 1, '19,April,2013, 13:01:14', '2013-15-18 17:15:38'),
('edm12b006', 'ANUMULA TEJASWI', 'm', '5291c791ac0fb3a90cc7080c07f69416', 1, '19,April,2013, 12:02:50', '2013-15-18 17:15:38'),
('edm12b007', 'AVULA VENKATA SEETHARAMA SAIBHARGAVKUMAR', 'm', 'fa7bb86304623ea4a7eb4b3df2d7a0b1', 1, '19,April,2013, 13:33:10', '2013-15-18 17:15:38'),
('edm12b008', 'BANDHAM RAVURI UTTEJ', 'm', 'c531fb9d4ac9496c9e1a98ec97bd131b', 1, '19,April,2013, 12:33:48', '2013-15-18 17:15:38'),
('edm12b009', 'DASARI NAVEEN BABU', 'm', '4baa28fee123771384c14a04f2d97fed', 1, '19,April,2013, 13:31:51', '2013-15-18 17:15:38'),
('edm12b010', 'DEVARLA AVINASH', 'm', '32c9e7d92ce4379b605136c621065701', 1, '19,April,2013, 12:15:57', '2013-15-18 17:15:38'),
('edm12b012', 'GIRIDHARAN K', 'm', '9ec56c8f7c5e28891190fd43b502e4bb', 1, '19,April,2013, 12:53:37', '2013-15-18 17:15:38'),
('edm12b013', 'JACOB VAIDIAN P T', 'm', 'ab70bc38e7ace949b3f6415f85796dca', 1, '19,April,2013, 13:03:36', '2013-15-18 17:15:38'),
('edm12b014', 'KALVAPALLI SRAVANACHANDRA', 'f', 'd120144a6d35182714e83cc72fbd2309', 1, '19,April,2013, 12:13:56', '2013-15-18 17:15:38'),
('edm12b015', 'KAVIYA R', 'f', '1341ccbc664382f48e86697d50c1b5cd', 1, '19,April,2013, 13:01:32', '2013-15-18 17:15:38'),
('edm12b016', 'KOMARAVOLU KRISHNA KAUSHIK', 'm', '693055b0e3a52ca152f436cbcb1b8491', 1, '19,April,2013, 12:47:20', '2013-15-18 17:15:38'),
('edm12b017', 'KORLAPATI PRANEETH', 'm', 'bfb740bdc0c1ae23e86d318fa2cf2783', 1, '19,April,2013, 12:29:22', '2013-15-18 17:15:38'),
('edm12b018', 'MASANAM SIVA SAI AKASHDEEP', 'm', 'a605bf49f40c09626076379995d0f0ca', 1, '19,April,2013, 13:05:02', '2013-15-18 17:15:38'),
('edm12b019', 'MOHAMMED AFROZE', 'm', '941b0166b50e158f3d9976c31c6d7cec', 1, '19,April,2013, 13:07:53', '2013-15-18 17:15:38'),
('edm12b020', 'MUDDADA AKHIL GANDHI', 'm', '83bf7a9889415802825ba7b56dcaca13', 1, '19,April,2013, 13:07:26', '2013-15-18 17:15:38'),
('edm12b021', 'PANYALA SURYA KIRAN REDDY', 'm', '398bc4dcf9d537c309a31fa7ee91e4ef', 1, '19,April,2013, 13:04:50', '2013-15-18 17:15:38'),
('edm12b022', 'PREETAM NAIK A', 'm', 'ceb19672039e76866734d93bba18019f', 1, '19,April,2013, 12:30:33', '2013-15-18 17:15:38'),
('edm12b023', 'RAM KUMAR Y', 'm', '31b0bbba4c71dead5863b10061883d63', 1, '19,April,2013, 12:49:44', '2013-15-18 17:15:38'),
('edm12b024', 'RANGU GOUTHAM', 'm', '3ee9a4749713f72284557d1959c9e36d', 1, '19,April,2013, 13:05:28', '2013-15-18 17:15:38'),
('edm12b025', 'RAVIKANTI VIKRAM', 'm', 'a4acc71b30e0aab2f270688da6623a5c', 1, '19,April,2013, 12:40:19', '2013-15-18 17:15:38'),
('edm12b026', 'SALE MANOJKUMAR', 'm', '56117cd9bc410a4d2d0fb6c2a814b7eb', 1, '19,April,2013, 13:09:51', '2013-15-18 17:15:38'),
('edm12b027', 'SHASHIDHAR D', 'm', '1e04023bdf379f2e06ec4e8b31107fe9', 1, '19,April,2013, 12:27:33', '2013-15-18 17:15:38'),
('edm12b028', 'SOUMYA S VASTRAD', 'f', 'dd023e4df187498191d30b21255ff9c5', 1, '19,April,2013, 12:17:46', '2013-15-18 17:15:38'),
('edm12b029', 'VANGALA SUSMITHA REDDY', 'f', 'ca42143cdb55be30a0dd10dbfbe15c05', 1, '19,April,2013, 12:18:48', '2013-15-18 17:15:38'),
('edm12b030', 'VIGNESH N', 'm', '97014c984c20396707df1675d221f375', 1, '19,April,2013, 13:09:58', '2013-15-18 17:15:38'),
('edm12b031', 'VUYYURU ANUSHA', 'f', '729e3e8fa561a626f044e8d83ae9a474', 1, '19,April,2013, 13:05:50', '2013-15-18 17:15:38'),
('eds11m001', 'AJAY KUMAR', 'm', '342ca187f9b1bb9707991eae321d12ee', 1, '19,April,2013, 13:29:30', '2013-15-18 17:15:39'),
('eds11m002', 'GANESH KAILAS', 'm', '3b54aabd2752bb7af5a0761926ca9421', 1, '19,April,2013, 11:52:38', '2013-15-18 17:15:39'),
('eds11m003', 'KALAIVANNAN. K. P', 'm', 'f45bbfde607ce680a09e663b5a1f319e', 0, '', '2013-15-18 17:15:39'),
('eds11m004', 'KANAPARTHI V PHANI KUMAR', 'm', '55813a8bf8fd2af5b9c6e938ec9de198', 0, '', '2013-15-18 17:15:39'),
('eds11m005', 'KONDI SHRAVAN KUMAR', 'm', 'c004734f5ff16171a01b7f79c94950e5', 1, '19,April,2013, 11:57:32', '2013-15-18 17:15:39'),
('eds11m006', 'PRAVEEN KUMAR. P', 'm', 'ef0ec591d5195eccf2fe5acd438ff518', 0, '', '2013-15-18 17:15:39'),
('eds11m007', 'SHALINI. R.S', 'f', 'aa7b0885517af45fbb7315bba8958b46', 1, '19,April,2013, 11:46:55', '2013-15-18 17:15:39'),
('eds11m008', 'SHANMUGAKUMAR M', 'm', 'dd42aaae2a622634c0495b10fb3023d7', 1, '19,April,2013, 12:46:14', '2013-15-18 17:15:39'),
('eds12m001', 'NARAYANAN P.P.', 'm', '9d5862e9026995ad021ebcf18a88f27b', 1, '19,April,2013, 12:15:00', '2013-15-18 17:15:39'),
('eds12m002', 'NARESH. V', 'm', '91768cb56de30e5e562601de1882d367', 0, '', '2013-15-18 17:15:39'),
('eds12m003', 'NIRUPAM PAUL', 'm', '51a5d2fadc176edaca9793c618e6140f', 0, '', '2013-15-18 17:15:39'),
('eds12m004', 'RAJMOHAN S', 'm', '6c2cf62d88cf7d6d1fd5e3bc5d03ec53', 1, '19,April,2013, 12:12:17', '2013-15-18 17:15:39'),
('eds12m005', 'RAVINDRA KUMAR', 'm', '57d013c477f570c4a9b21fd802289f6e', 1, '19,April,2013, 12:15:59', '2013-15-18 17:15:39'),
('eds12m006', 'SAMARESH CHANDRA NAYAK', 'm', 'c98c7dca040b8754eaf38e8de489916d', 1, '19,April,2013, 12:13:16', '2013-15-18 17:15:39'),
('eds12m007', 'SANTHOSH KUMAR. M', 'm', '4e874e69e7b8ee7932b14f4a066efda6', 1, '19,April,2013, 12:12:40', '2013-15-18 17:15:39'),
('eds12m008', 'SIKHARAM UDAY KIRAN', 'm', 'ba408dfd7974bafa604079eb8131a7c8', 1, '19,April,2013, 12:13:36', '2013-15-18 17:15:39'),
('eds12m009', 'SIVAKUMAR ELANGOVAN', 'm', '3eaa24b77b837e0ea822831425d4de93', 1, '19,April,2013, 13:05:35', '2013-15-18 17:15:39'),
('eds12m010', 'VIPIN MUKUNDAN', 'm', 'd493b008da6172ab17f34934bcaa7e28', 1, '19,April,2013, 13:05:46', '2013-15-18 17:15:39'),
('eds12m011', 'VIPPIN CHANDHAR. S', 'm', '7288104b6dd6945c305e278fb924df70', 1, '19,April,2013, 13:06:42', '2013-15-18 17:15:39'),
('eds12m012', 'VORUGANTY RAKESH', 'm', '24b049a2c6b4217b3dd1a956388003b7', 1, '19,April,2013, 13:14:09', '2013-15-18 17:15:39'),
('mdm09b001', 'ANJAN RAO P', 'm', '77db37ec34d32eb0f8e95531edd1633c', 1, '19,April,2013, 11:48:29', '2013-15-18 17:15:39'),
('mdm09b002', 'BACHU SHIVA KRISHNA', 'm', '335b9a708d684b149e2d7888ffe40a79', 1, '19,April,2013, 11:56:46', '2013-15-18 17:15:39'),
('mdm09b003', 'BARIGELA SANDEEP', 'm', '1043f8e614d36e4de32af1f66f0d4347', 1, '19,April,2013, 12:53:27', '2013-15-18 17:15:39'),
('mdm09b004', 'BOKKISA KOUSHIK', 'm', '1c2cd6fe5e7d4b3d51c87e346045a7f8', 1, '19,April,2013, 12:26:04', '2013-15-18 17:15:39'),
('mdm09b005', 'DHANANJAY KUMAR YADAV', 'm', '97491b15bdfde76972a25904a58cab34', 1, '19,April,2013, 13:20:10', '2013-15-18 17:15:39'),
('mdm09b006', 'GANJAYEE RAKESH KUMAR', 'm', '4c87cd28b9b8e6cd0290483e8217ed17', 1, '19,April,2013, 13:51:33', '2013-15-18 17:15:39'),
('mdm09b007', 'GAUTHAM SURYA R', 'm', 'e92bf59f542831af3453a19f22dedb70', 1, '19,April,2013, 11:48:36', '2013-15-18 17:15:39'),
('mdm09b008', 'JONNALAGADDA PREETHAM', 'm', '57ac44ab6e9739aa82ac6a5d6b1f6063', 1, '19,April,2013, 12:35:20', '2013-15-18 17:15:39'),
('mdm09b009', 'JOSYABHATLA SRI VISHNU TEJA', 'm', '700a5655411e3d5da64b5ae86e03d17d', 1, '19,April,2013, 11:51:38', '2013-15-18 17:15:39'),
('mdm09b010', 'KUTHADI SAISRIKANTH', 'm', 'be868ef2e8ab61ed0b28eb8068004b8c', 1, '19,April,2013, 12:44:58', '2013-15-18 17:15:39'),
('mdm09b011', 'NELAKURTI NITHIN CHANDRA', 'm', '310146eef8fd2c9fce95cdb533a87f98', 1, '19,April,2013, 12:43:15', '2013-15-18 17:15:39'),
('mdm09b012', 'RAJ VINESH P', 'm', 'e27aa750cc8bc62f18c53edd7ef13c15', 1, '19,April,2013, 11:49:05', '2013-15-18 17:15:40'),
('mdm09b013', 'SARAVANA KUMAR S G', 'm', 'cd41085d8599303f9cff9d53eb37aa22', 1, '19,April,2013, 12:53:37', '2013-15-18 17:15:40'),
('mdm09b014', 'SHAKTI SHALIGRAM', 'm', '11302c3ef75d547b8e5d7c3515895571', 1, '19,April,2013, 12:08:13', '2013-15-18 17:15:40'),
('mdm09b015', 'SWAPNA K', 'f', '7759a586ea9f9b2f4c4fa6aa0dc52e8b', 1, '19,April,2013, 11:45:50', '2013-15-18 17:15:40'),
('mdm09b016', 'VEMULA RAJ KOTI', 'm', 'b62081c5711b65649b3b6c6c5b278cbd', 1, '19,April,2013, 12:19:27', '2013-15-18 17:15:40'),
('mdm09b017', 'KATTA AMITH', 'm', '7162471d83e0128cc09472ec11e33379', 1, '19,April,2013, 13:54:37', '2013-15-18 17:15:40'),
('mdm09b018', 'SURENDRA DUDI', 'm', '3591123b0005f91adc41c41b1eab9830', 1, '19,April,2013, 12:55:46', '2013-15-18 17:15:40'),
('mdm09b019', 'KASINA GANA VENKATA CHIRANJEEVI', 'm', '88908b724ebbb6689b4a6ec6c74e2354', 1, '19,April,2013, 11:45:00', '2013-15-18 17:15:40'),
('mdm10b001', 'ANUJA KANTA REDDY ', 'f', 'f79791f809245867ca00878be2755c95', 1, '19,April,2013, 13:18:07', '2013-15-18 17:15:40'),
('mdm10b002', 'AVINASH REDDY KALLAM ', 'm', 'a5f7d262074b314145e85114f48c7319', 1, '19,April,2013, 12:59:37', '2013-15-18 17:15:40'),
('mdm10b003', 'CHADALAWADA SRI CHAITANYA ', 'm', 'ba43d85b36ec61c67568c3962bf86580', 1, '19,April,2013, 12:20:58', '2013-15-18 17:15:40'),
('mdm10b004', 'CHINGMAK LACHUMONG CHANG ', 'm', '763ba27a4b01352b33e25d735c0db5a2', 1, '19,April,2013, 13:31:13', '2013-15-18 17:15:40'),
('mdm10b005', 'VARIGADDI  JAYANTH GOUTHAM ', 'm', 'f609d8c79479eb28cc6717614000b9d3', 1, '19,April,2013, 12:34:13', '2013-15-18 17:15:40'),
('mdm10b006', 'VELPULA JOSHI RAM ', 'm', 'dd0acf4d3853677dfc46c7191fe471d5', 1, '19,April,2013, 12:41:13', '2013-15-18 17:15:40'),
('mdm10b007', 'KARANTOTH  SAI KUMAR ', 'm', '642c278131f94c7bafdb2fcfa0f2b395', 1, '19,April,2013, 12:30:29', '2013-15-18 17:15:40'),
('mdm10b008', 'BATSALA NAVEEN ', 'm', '970c353fd91fe4e8b248300141c91112', 1, '19,April,2013, 12:37:16', '2013-15-18 17:15:40'),
('mdm10b009', 'YEDLA ERICH PRAKASH VARMA ', 'm', 'ae04fe798ed8cfe353e24f8019e1abfa', 1, '19,April,2013, 12:03:48', '2013-15-18 17:15:40'),
('mdm10b010', 'BEEDAM SAIHAREESH ', 'm', '8b734e855affa9f1c4c9981095c1b354', 0, '', '2013-15-18 17:15:40'),
('mdm10b011', 'S SATHISH KUMAR ', 'm', '1ef9ae26aac3cdbe7a380d36039c4b09', 1, '19,April,2013, 12:40:08', '2013-15-18 17:15:40'),
('mdm10b012', 'N.SATHYANARAYANAN ', 'm', 'd44f175b5f52f09fb217bdac31e21892', 1, '19,April,2013, 12:31:08', '2013-15-18 17:15:40'),
('mdm10b013', 'SHASHWAT JAIN ', 'm', '7ae210df92591d1a28e66c4a9efa9e1e', 1, '19,April,2013, 12:22:30', '2013-15-18 17:15:40'),
('mdm10b014', 'M. SIDDHARTH ', 'm', '6bc6a91e048b421a7750755b3a4cfe4b', 1, '19,April,2013, 13:34:01', '2013-15-18 17:15:40'),
('mdm10b015', 'UTKARSH SHARMA ', 'm', '001d609779dd75b8afa97460c1cec2d0', 1, '19,April,2013, 13:22:04', '2013-15-18 17:15:40'),
('mdm10b016', 'GUMMADALA VASANTH KUMAR ', 'm', '8dab899760521261a72d399c7f77ec76', 1, '19,April,2013, 11:59:46', '2013-15-18 17:15:40'),
('mdm10b017', 'GORUGONTULA VISWA SAI SASANKA', 'm', '016d0f1550d8e27e1d4de5a4712dbae7', 1, '19,April,2013, 12:22:29', '2013-15-18 17:15:40'),
('mdm10b018', 'NADELLA HEMA RAJESH', 'm', '744a341f52c988c4dac379ea427474b5', 1, '19,April,2013, 12:24:55', '2013-15-18 17:15:40'),
('mdm10b019', 'BOGA VINEELA DEVI', 'f', 'acf253678108fec9cb3eb0da49059cd4', 1, '19,April,2013, 12:48:57', '2013-15-18 17:15:40'),
('mdm11b001', 'ADITYA KULKARNI', 'm', 'f3ddc48cb88f174bdd0ef0f0608dcf78', 1, '19,April,2013, 13:29:58', '2013-15-18 17:15:40'),
('mdm11b002', 'AMRUTALURI VINEEL CHANDRA', 'm', 'f8c8301d746c7a3921dff3c3a79a8f23', 1, '19,April,2013, 12:51:49', '2013-15-18 17:15:40'),
('mdm11b003', 'ASHISH KUMAR', 'm', 'e4793dd7b5584f0891d4fc9be0fb9252', 1, '19,April,2013, 13:32:03', '2013-15-18 17:15:40'),
('mdm11b005', 'CHENGALA SUDHAKAR', 'm', '85aa17197f791078c4da69254e319d2a', 1, '19,April,2013, 12:21:17', '2013-15-18 17:15:40'),
('mdm11b007', 'DAKA PAVAN KUMAR REDDY', 'm', '842eb0d81b236e360dc7e51f794773e1', 1, '19,April,2013, 12:19:47', '2013-15-18 17:15:40'),
('mdm11b008', 'DIGALA LALIT KUMAR', 'm', '306d61c1d06bd2330d005faccc4990dc', 1, '19,April,2013, 12:23:29', '2013-15-18 17:15:40'),
('mdm11b009', 'DURGAM GOUTHAM RAJ', 'm', '9b93b99867b8d3124b9e38da4e8639fc', 1, '19,April,2013, 12:25:01', '2013-15-18 17:15:41'),
('mdm11b010', 'GUTTI NIKHILESH', 'm', 'be3aa2148af06f211d4b7fd3f42e0693', 1, '19,April,2013, 12:34:20', '2013-15-18 17:15:41'),
('mdm11b011', 'K S MANJUNATH', 'm', '0b97f69d5549e91b1f1a42c3d1ed20e2', 1, '19,April,2013, 12:17:48', '2013-15-18 17:15:41'),
('mdm11b012', 'KUMAR ABHIMANYU', 'm', '968e64ec47e411b83cbd65cf76269226', 1, '19,April,2013, 12:10:14', '2013-15-18 17:15:41'),
('mdm11b013', 'KUMBHAR PRAMOD YALLAPPA', 'm', 'c9c1402386f3c5eb08da986707633a0f', 1, '19,April,2013, 12:22:27', '2013-15-18 17:15:41'),
('mdm11b014', 'MADALA RAJASEKHAR', 'm', 'b1bca4e2fdb68da79d5f7cadd716f20e', 1, '19,April,2013, 12:20:37', '2013-15-18 17:15:41'),
('mdm11b015', 'MADDINENI DINESH', 'm', 'd56555508a5511772760e3e98072a8b9', 0, '', '2013-15-18 17:15:41'),
('mdm11b016', 'MAKULA KARTHIK', 'm', 'e69dd5cc60bb263119536bf80f315543', 1, '19,April,2013, 13:45:02', '2013-15-18 17:15:41'),
('mdm11b017', 'MOHIT VERMA', 'm', 'e78e34df4882876068c0ccf7029b3783', 1, '19,April,2013, 13:48:23', '2013-15-18 17:15:41'),
('mdm11b018', 'MULLAPUDI JOSHI', 'm', 'b0d8c39c6749a83375e677c9859da7fc', 1, '19,April,2013, 12:59:01', '2013-15-18 17:15:41'),
('mdm11b019', 'MUNIRAM MEENA', 'm', 'b785d58b61f3419075d72fb9a20f2cf1', 1, '19,April,2013, 13:52:26', '2013-15-18 17:15:41'),
('mdm11b020', 'NUKALAVAMSIKRISHNA', 'm', 'fd6ced453009e79530fd132af7e247aa', 1, '19,April,2013, 13:42:50', '2013-15-18 17:15:41'),
('mdm11b021', 'POLUR SAI SANKEERTH RAO', 'm', '09f538988c7ee98f5d358e14c2f758a3', 1, '19,April,2013, 13:36:45', '2013-15-18 17:15:41'),
('mdm11b022', 'PULIVARTHI NAGARJUNA', 'm', 'f8f5834ce433a871fdb19381e1ede356', 1, '19,April,2013, 13:52:50', '2013-15-18 17:15:41'),
('mdm11b023', 'R AKHIL ABHILASH', 'm', 'ab949998ac600e193fcfcba0e240e98d', 1, '19,April,2013, 13:51:00', '2013-15-18 17:15:41'),
('mdm11b024', 'RATHLA BALAJI NAIK', 'm', 'c189157d64fc8332e98e393a41b93cb7', 1, '19,April,2013, 13:45:22', '2013-15-18 17:15:41'),
('mdm11b025', 'SAGAR DOLAS', 'm', '01d6bfdf88712864a98e932ca2156561', 1, '19,April,2013, 13:17:33', '2013-15-18 17:15:41'),
('mdm11b026', 'SAURAV VERMA', 'm', 'fa7bb86304623ea4a7eb4b3df2d7a0b1', 1, '19,April,2013, 13:44:52', '2013-15-18 17:15:41'),
('mdm11b027', 'YASHESWI BOCHA', 'm', 'b343bb2c1a14ef4ae3b825d4382bb220', 1, '19,April,2013, 13:42:03', '2013-15-18 17:15:41'),
('mdm11b028', 'YEVALKAR ABHISHEK ARUN', 'm', 'a8445c5c86e6c9f43feedd6872276dd8', 1, '19,April,2013, 13:43:54', '2013-15-18 17:15:41'),
('mdm12b001', 'ABHILASH JOSEPH ABRAHAM', 'm', 'f3bd39f67ce1a1c7189827859a9b9a66', 1, '19,April,2013, 12:18:51', '2013-15-18 17:15:41'),
('mdm12b002', 'ADITYA CHILUKURI', 'm', 'ffd7c059e4a6d65a400c018305ee4ac2', 1, '19,April,2013, 13:06:51', '2013-15-18 17:15:41'),
('mdm12b003', 'ANANTH B', 'm', 'b328d8644d11d1231349345ed1434080', 1, '19,April,2013, 13:00:41', '2013-15-18 17:15:41'),
('mdm12b004', 'ANUJ AGRAWAL', 'm', 'f59bc3225deba4b628ce8b221bdf50ba', 1, '19,April,2013, 13:11:35', '2013-15-18 17:15:41'),
('mdm12b005', 'ASHISH AMERICA', 'm', '513a47c383d56de908d9162095266f95', 1, '19,April,2013, 13:02:02', '2013-15-18 17:15:41'),
('mdm12b006', 'CHAVALI KAMESWARA PAVAN SAI GOPAL', 'm', '2095e993c758cba5fadb47014b5fa116', 1, '19,April,2013, 12:47:13', '2013-15-18 17:15:41'),
('mdm12b007', 'GANESH S', 'm', '8c0728a1a4003112f197d0055baa0533', 1, '19,April,2013, 13:08:23', '2013-15-18 17:15:42'),
('mdm12b008', 'GOLI SAIKRISHNA', 'm', 'ae3555f211906beaf176f31977fd3790', 1, '19,April,2013, 13:02:31', '2013-15-18 17:15:42'),
('mdm12b009', 'GUTLA AKHILA', 'f', '503c9e393c63c5b0123596940f572a09', 1, '19,April,2013, 13:10:23', '2013-15-18 17:15:42'),
('mdm12b010', 'IRUKUVAJJALA SUJITH', 'm', '7599d61534e37dbfedd3f2b3a5e37a67', 1, '19,April,2013, 12:53:35', '2013-15-18 17:15:42'),
('mdm12b011', 'JUBIN ANTONY J', 'm', 'e22c2ca3c3d3dd07f49f1f45488cd777', 1, '19,April,2013, 12:48:46', '2013-15-18 17:15:42'),
('mdm12b012', 'KOMMANA BOINA MEGHANA SARAT', 'f', '7ad90079397d368467788632c9ec2ccd', 1, '19,April,2013, 12:03:16', '2013-15-18 17:15:42'),
('mdm12b013', 'KUNDAN KUMAR', 'm', '69f1abb91ad3218aec8bc2469c07623f', 1, '19,April,2013, 13:11:32', '2013-15-18 17:15:42'),
('mdm12b014', 'MALLAMPATI TARAKESH', 'm', '8c8bf2420ab26652f29021c36ada55ec', 1, '19,April,2013, 13:05:47', '2013-15-18 17:15:42'),
('mdm12b015', 'NENAVATH RAVICHANDRA', 'm', '93bbca6f91587b1053b3b760d87499b7', 1, '19,April,2013, 13:15:59', '2013-15-18 17:15:42'),
('mdm12b016', 'PERLI RAVI TEJA', 'm', '001291414e096f2e63e70124a342c391', 1, '19,April,2013, 12:55:00', '2013-15-18 17:15:42'),
('mdm12b017', 'POGULA SHIVA SHANKAR', 'm', '2b18c78a54569e6394328932e24f2db9', 1, '19,April,2013, 13:21:56', '2013-15-18 17:15:42'),
('mdm12b018', 'RAVICHANDRA GOLI', 'm', 'cbf4a1362facfb67e25c31c3aac4f430', 1, '19,April,2013, 13:07:51', '2013-15-18 17:15:42'),
('mdm12b019', 'RINEETHA CHARLES', 'f', '2ac4100d21060c25065dfb6516cca6e1', 1, '19,April,2013, 12:06:05', '2013-15-18 17:15:42'),
('mdm12b020', 'RITESH MEENA', 'm', 'cd4f17c3ae5e5e80d8b0d036c3e8b7eb', 1, '19,April,2013, 13:07:38', '2013-15-18 17:15:42'),
('mdm12b021', 'SADHIQ UEKKUNH AHAMED', 'm', 'bca7355f5bb9dbf29aad6100109ca2b8', 1, '19,April,2013, 12:20:23', '2013-15-18 17:15:42'),
('mdm12b022', 'SAI KRISHNA INENI', 'm', '0b97f69d5549e91b1f1a42c3d1ed20e2', 1, '19,April,2013, 12:55:14', '2013-15-18 17:15:42'),
('mdm12b023', 'SAI MOULI MANOHAR RAO Y', 'm', 'c5a43d4f8078160a1c236578b3ac60f4', 1, '19,April,2013, 12:39:00', '2013-15-18 17:15:42'),
('mdm12b024', 'SHREYA K', 'f', 'f185a95db457ab3abbc712bf99da45dc', 1, '19,April,2013, 12:19:00', '2013-15-18 17:15:42'),
('mdm12b025', 'VIKAS TIWARI', 'm', '2e54f48c24c54fc52da189ac53e66a1a', 1, '19,April,2013, 13:10:59', '2013-15-18 17:15:42'),
('mdm12b026', 'VINOD M', 'm', '78b0c12cec2e9fe40550e4fc6c75c1bb', 1, '19,April,2013, 12:29:14', '2013-15-18 17:15:42'),
('mdm12b027', 'VITHALRAO VHRK', 'm', 'ebe5c032cb097f4bae84a5ef3c0130ca', 1, '19,April,2013, 12:56:07', '2013-15-18 17:15:42'),
('mdm12b028', 'VYAS ADITYA KISHOR', 'm', '3b8d6d0d2e11e9c1f7ce0f3229978e84', 1, '19,April,2013, 13:04:18', '2013-15-18 17:15:42'),
('mdm12b029', 'YEDDU CHAITANYA PRAKASH', 'm', 'e55ff8de93f4725ea8fef850b9975f8c', 1, '19,April,2013, 12:30:57', '2013-15-18 17:15:42'),
('mds11m001', 'AJEET KUMAR', 'm', 'fb20cb7b9ed21e3a501442c5017fed8f', 1, '19,April,2013, 13:22:45', '2013-15-18 17:15:43'),
('mds11m002', 'BALA VIGNESH. S', 'm', '0ceb0fbb6e5bdf5581f86903d3aa53d7', 1, '19,April,2013, 12:46:11', '2013-15-18 17:15:43'),
('mds11m003', 'KEERTHI SAGAR. S. N', 'm', 'd2844cae61f1fa0d8ced1c1e15d5f1c7', 1, '19,April,2013, 11:55:43', '2013-15-18 17:15:43'),
('mds11m004', 'LINGARAJU. M', 'm', '8982858917031de8513db48eb1697332', 1, '19,April,2013, 13:04:06', '2013-15-18 17:15:43'),
('mds11m005', 'NEERUTHIRAJAN. R', 'm', '28f4ee044a106496d1a9038229d24d47', 1, '19,April,2013, 12:33:47', '2013-15-18 17:15:43'),
('mds11m006', 'RAJKUMAR NALLI', 'm', '797cf2401fa615a8d53ad778fc414d64', 0, '', '2013-15-18 17:15:43'),
('mds11m007', 'UMESH. V', 'm', 'b91bb2212bfc0ace174f2618d058f15a', 1, '19,April,2013, 12:40:17', '2013-15-18 17:15:43'),
('mds11m008', 'VINODKUMAR. S', 'm', '4fae05b66737698ef36596144991ba11', 1, '19,April,2013, 11:57:39', '2013-15-18 17:15:43'),
('mds12m001', 'AMIT KUMAR BEDAKA', 'm', '14b5b0214d1cc3c0eb57bdb6988ea729', 1, '19,April,2013, 13:24:04', '2013-15-18 17:15:43'),
('mds12m002', 'ASHISH KUMAR', 'm', 'e9590935a5c37dd277f55b5228061a9c', 1, '19,April,2013, 13:14:20', '2013-15-18 17:15:43'),
('mds12m003', 'NARENDRAN. G', 'm', '75f3b65f47939fec3b16e2a8cfd0aa48', 1, '19,April,2013, 12:29:03', '2013-15-18 17:15:43'),
('mds12m004', 'NIRGUDE VISHAL VASANTRAO', 'm', '04bb27e3606cd6b878b91228a4d5c54f', 1, '19,April,2013, 13:06:47', '2013-15-18 17:15:43'),
('mds12m005', 'POOSARLA SHIRDI PARTHA SAI', 'm', '09543e2e3ad5bcc8220c689717fb5e49', 0, '', '2013-15-18 17:15:43'),
('mds12m006', 'SANAS MAYUR MOHAN', 'm', '8837c7fb806fc8bb09acbe0e072af143', 1, '19,April,2013, 13:10:02', '2013-15-18 17:15:43'),
('mds12m007', 'SHASHANK UKADLEY', 'm', '13c0384f17c72a7927fe5cd9d06d35db', 1, '19,April,2013, 13:29:18', '2013-15-18 17:15:43'),
('mds12m008', 'SRINIVASAN G', 'm', '067892274b99dfdbca5b64e167ac0a81', 1, '19,April,2013, 12:28:54', '2013-15-18 17:15:43'),
('mds12m009', 'THIRUMAVALVAN. S', 'm', '51e869b9dd42ea33862d4154230590e3', 1, '19,April,2013, 12:12:02', '2013-15-18 17:15:43'),
('mds12m010', 'Y USHA', 'f', '735dabea882a970ca48689123088d2cd', 1, '19,April,2013, 11:54:24', '2013-15-18 17:15:43'),
('mds12m011', 'UZWAL KIRAN ROKKALA', 'm', '8437245ed46197f9d3f73dcc6c0751e6', 1, '19,April,2013, 11:59:08', '2013-15-18 17:15:43'),
('mds12m012', 'VENKATARAMAN SAHOO', 'm', '8b661149cc0dfbfe8581a0d39d7fe2a5', 1, '19,April,2013, 12:23:00', '2013-15-18 17:15:43'),
('mds12m013', 'VIMAL . K.M', 'm', '56117cd9bc410a4d2d0fb6c2a814b7eb', 1, '19,April,2013, 12:28:31', '2013-15-18 17:15:43'),
('edm09d001', 'B.Madhevan', 'm', '0ca4f3a24742542666d0adf1f2ee8a67', 1, '19,April,2013, 13:48:35', '2013-15-18 17:15:43'),
('edm09d002', 'E. Papanasam', 'm', '4e4dc11d06763f2ddc72d64c227306a5', 1, '19,April,2013, 12:57:55', '2013-15-18 17:15:43'),
('mdm11d001', 'K.Balaji', 'm', '6227dcc0eca2aeb18968432b0e86baee', 1, '19,April,2013, 12:40:08', '2013-15-18 17:15:44'),
('phy10d001', 'Ramachandran.K', 'm', '701d0b493c70968beba893edc1d0b2e7', 0, '', '2013-15-18 17:15:44'),
('edm10d002', 'Rajin M Linus', 'm', '5dabf52ab180746491c57670d8ffa3ea', 1, '19,April,2013, 12:27:44', '2013-15-18 17:15:44'),
('mat10d001', 'Devi Yamini', 'f', '0044beb6701b59d3d39ffd2b957e878b', 1, '19,April,2013, 12:27:52', '2013-15-18 17:15:44'),
('edm10d001', 'K.Arun', 'm', 'c47c8dd7731038ce6edede94f4b09e68', 1, '19,April,2013, 13:44:26', '2013-15-18 17:15:44'),
('mat11d001', 'T.P.Sandhya', 'f', '1d3d74c895d83726690b481c2d8fa385', 1, '19,April,2013, 12:23:14', '2013-15-18 17:15:44'),
('mdm12d001', 'R. Senthil Kumar', 'm', 'beb0d46f78d909140d455c0811e371cb', 1, '19,April,2013, 12:24:14', '2013-15-18 17:15:44'),
('coe12d001', 'M. Mohamed Asan Basiri', 'm', 'f41fa01b107deaa002b96ad99799067e', 1, '19,April,2013, 12:36:43', '2013-15-18 17:15:44'),
('edm12d001', 'Abdul Majeed K.K', 'm', '37b56d046825da7c6fd6fd3cc6119dd5', 1, '19,April,2013, 12:24:13', '2013-15-18 17:15:44'),
('mat12d001', 'Dhanalakshmi', 'f', 'f0bbcc0885ccda70811eac14b088eb4d', 1, '19,April,2013, 12:33:15', '2013-15-18 17:15:44'),
('coe10d001', 'Kanjer De', 'm', '337a825353a804d941e6885c37cee815', 1, '19,April,2013, 12:55:32', '2013-15-18 17:15:44'),
('mdm13d001', 'Santhosh S', 'm', '9da2307583564cfa305d190ea1a3ec73', 1, '19,April,2013, 12:37:13', '2013-15-18 17:15:44'),
('coe13D001', 'Veeramani S', 'm', 'a98a5b97e83e57fa0a820501cd5f9e69', 0, '', '2013-15-18 17:15:44');
